{
    "smalot\/pdfparser": {
        "ms": 455.2556097507477,
        "bytes": 4587031.659999999,
        "pass": 96.3855421686747
    },
    "prinsfrank\/pdfparser": {
        "ms": 292.85428175112094,
        "bytes": 726722.243902439,
        "pass": 98.79518072289156
    }
}