{
    "smalot\/pdfparser": {
        "ms": 440.81516325473785,
        "bytes": 4587027.88,
        "pass": 96.3855421686747
    },
    "prinsfrank\/pdfparser": {
        "ms": 285.20234503397126,
        "bytes": 726722.243902439,
        "pass": 98.79518072289156
    }
}