{
    "smalot\/pdfparser": {
        "ms": 459.27123188972473,
        "bytes": 4587027.88,
        "pass": 96.3855421686747
    },
    "prinsfrank\/pdfparser": {
        "ms": 289.6569304349946,
        "bytes": 726722.243902439,
        "pass": 98.79518072289156
    }
}