{
    "smalot\/pdfparser": {
        "ms": 454.4059497117996,
        "bytes": 4587031.659999999,
        "pass": 96.3855421686747
    },
    "prinsfrank\/pdfparser": {
        "ms": 290.8634738224309,
        "bytes": 726722.243902439,
        "pass": 98.79518072289156
    }
}