{
    "smalot\/pdfparser": {
        "ms": 421.1957323551178,
        "bytes": 4587027.88,
        "pass": 96.3855421686747
    },
    "prinsfrank\/pdfparser": {
        "ms": 238.2859549871305,
        "bytes": 726722.243902439,
        "pass": 98.79518072289156
    }
}