{
    "smalot\/pdfparser": {
        "ms": 440.94713151454926,
        "bytes": 4587031.659999999,
        "pass": 96.3855421686747
    },
    "prinsfrank\/pdfparser": {
        "ms": 285.80009472079394,
        "bytes": 726722.243902439,
        "pass": 98.79518072289156
    }
}