{
    "smalot\/pdfparser": {
        "ms": 636.6097092628479,
        "bytes": 2245202.7333333334,
        "pass": 92.3076923076923
    },
    "prinsfrank\/pdfparser": {
        "ms": 438.37778384868915,
        "bytes": 494321.53846153844,
        "pass": 100
    }
}